party,candidate_number,candidate_name,votes
2 D66,1,"van Dantzig, R.H.",15537
2 D66,2,"de Jager, D.O.C.",12294
2 D66,3,"Rooderkerk, I.",1857
2 D66,4,"Moeskops, E.D.M.",1545
2 D66,5,"Aslami, A.S.",642
2 D66,6,"Hofland, R.P.",277
2 D66,7,"El Ksaihi, Y.",2873
2 D66,8,"Lust, M.J.",1142
2 D66,9,"Schmit, E.W.",186
2 D66,10,"Wehkamp, J.",989
2 D66,11,"TÃ¼rkkol, N",708
2 D66,12,"Norbruis, K.F.O.",1304
2 D66,13,"Hermans, T.J.",239
2 D66,14,"van Schagen, J.J.B.",281
2 D66,15,"Koekoek, R.D.",288
2 D66,16,"Williams, M.E.",146
2 D66,17,"Warmerdam, S.",162
2 D66,18,"van Breugel, C.",721
2 D66,19,"TaÅliyurt, A",197
2 D66,20,"Peeters, L.C.M.",407
2 D66,21,"Loor, M.E.",121
2 D66,22,"Beek, R.M.",277
2 D66,23,"van Garderen, G.C.",80
2 D66,24,"Kroon, S.J.W.",59
2 D66,25,"MÃ¼lder, H.S",70
2 D66,26,"Ras, N.J.D.",25
2 D66,27,"Verstegen, M.K.G.E.",43
2 D66,28,"van der Schaaf, J.J.",90
2 D66,29,"Brouwer-Klitsie, L.A.",75
2 D66,30,"Diebels, J.P.T.",117
2 D66,31,"van Vliet, E.I.C.",131
2 D66,32,"Goossens, T.M.A.",114
2 D66,33,"Fransen, T.M.",143
2 D66,34,"Rutten, K.J.",62
2 D66,35,"Liefting, P.",18
2 D66,36,"Ronteltap, J.",100
2 D66,37,"van Hilten, B.",18
2 D66,38,"Hoeffnagel, C.C.",57
2 D66,39,"Sheikrojan, F.F.",213
2 D66,40,"Vaneker, C.H.J.",16
2 D66,41,"van Erp, E.",113
2 D66,42,"Scheper, B.E.",37
2 D66,43,"Nienhuis, B.",41
2 D66,44,"van Schaijik, H.W.",18
2 D66,45,"de Wolff, A.",33
2 D66,46,"Vroege, J.S.A.",56
2 D66,47,"Shapiro, G.S.",121
2 D66,48,"Kukenheim, S.",154
2 D66,49,"Dittrich, B.O.",292
2 D66,50,"Kat, H.",243
1 GROENLINKS,1,"Groot Wassink, B.R.",12162
1 GROENLINKS,2,"Nadif, I.",12435
1 GROENLINKS,3,"Ernsting, Z.D.",694
1 GROENLINKS,4,"Bentoumya, Y.E.",4313
1 GROENLINKS,5,"van der Veen, K.S.N.",560
1 GROENLINKS,6,"van Renssen, N.A.",2313
1 GROENLINKS,7,"van Pijpen, J.F.",1031
1 GROENLINKS,8,"Yemane, M.",3115
1 GROENLINKS,9,"IJmker, E.C.",628
1 GROENLINKS,10,"van Keulen, S.",1297
1 GROENLINKS,11,"Taj, A.",298
1 GROENLINKS,12,"van Munster, C.A.D.",142
1 GROENLINKS,13,"Peters, E.A.",1094
1 GROENLINKS,14,"Doppen, M.",747
1 GROENLINKS,15,"Caton, B.",687
1 GROENLINKS,16,"KaradareviÄ, A",1273
1 GROENLINKS,17,"Rosenthal, I.",506
1 GROENLINKS,18,"Freeman, W.",288
1 GROENLINKS,19,"Nijhof, P.",96
1 GROENLINKS,20,"Bouali, F.",830
1 GROENLINKS,21,"Mollema, N.S.",67
1 GROENLINKS,22,"Imfeld, D.P.",57
1 GROENLINKS,23,"Veenhoff, A.M.",188
1 GROENLINKS,24,"Korpershoek, M.",158
1 GROENLINKS,25,"Gharbharan, M.J.",426
1 GROENLINKS,26,"Scharwachter, S.C.A.",161
1 GROENLINKS,27,"van der Does, J.A.H.",90
1 GROENLINKS,28,"Thesingh, A.C.",66
1 GROENLINKS,29,"Ogier, C.B.M.",122
1 GROENLINKS,30,"Blom, S.R.H.",101
1 GROENLINKS,31,"Roosma, F.",294
1 GROENLINKS,32,"ï¿½nver, E.",217
1 GROENLINKS,33,"Ulichki Boudchourt, F.",145
1 GROENLINKS,34,"van Doorninck, G.A.M.",174
1 GROENLINKS,35,"Meliani, T.",289
1 GROENLINKS,36,"Hirsch, D.H.",80
1 GROENLINKS,37,"van Ojik, A.",164
1 GROENLINKS,38,"KrÃ¶ger, S.C",126
1 GROENLINKS,39,"Bouchallikh, K.",374
1 GROENLINKS,40,"Corton, E.",288
3 VVD,1,"Martens, C.",25012
3 VVD,2,"Burgers, H.C.",1414
3 VVD,3,"von Gerhardt, M.S.",427
3 VVD,4,"Hoogtanders, Y.F.W.",1115
3 VVD,5,"Wijts, D.P.B.",473
3 VVD,6,"Staartjes, L.",327
3 VVD,7,"Nijssen, S.C.",244
3 VVD,8,"van der Kamp, W.T.M.",178
3 VVD,9,"Kleene, M.J.T.",754
3 VVD,10,"Hijlkema, S.N.",166
3 VVD,11,"Meijer, D.E.T.",186
3 VVD,12,"van Vliet, F.J.",214
3 VVD,13,"van Zanten, C.R.",692
3 VVD,14,"van Leeuwen, J.P.C.",139
3 VVD,15,"Rahimi, H.",318
3 VVD,16,"Termorshuizen, S.",52
3 VVD,17,"van Kraaij, R.L.R.",76
3 VVD,18,"van Stigt, D.F.M.",44
3 VVD,19,"van der Sande, S.C.",110
3 VVD,20,"van Vliet, J.M.",65
3 VVD,21,"Deterink, W.J.",43
3 VVD,22,"van der Sangen, N.M.R.",51
3 VVD,23,"van Loon, P.",41
3 VVD,24,"Volgers, R.J.C.",105
3 VVD,25,"Vis, M.E.",280
3 VVD,26,"Muller, Y.",57
3 VVD,27,"Kreiken, D.J.",48
3 VVD,28,"van Seventer, W.G.",202
3 VVD,29,"SlijepÄeviÄ,",75
3 VVD,30,"Ahmadi, M.H.",92
3 VVD,31,"Jol, A.",27
3 VVD,32,"Mulder, E.S.",139
3 VVD,33,"van der Meer, J.D.",16
3 VVD,34,"Snijder, M.",93
3 VVD,35,"van der Laan, B.",73
3 VVD,36,"Hooft, S.",13
3 VVD,37,"LaÃ¢ma-de Walle, H.I.J",40
3 VVD,38,"van der Baan, D.A.",45
3 VVD,39,"Pollarini, G.M.",36
3 VVD,40,"Dekker, A.M.",92
3 VVD,41,"Drenth, B.J.",19
3 VVD,42,"Salemink, L.W.",22
3 VVD,43,"Waller, C.J.",32
3 VVD,44,"Luijten, P.J.H.M.",28
3 VVD,45,"Van Wijngaarden, J.",54
3 VVD,46,"Paul, M.L.J.",30
3 VVD,47,"Torn, R.K.",47
3 VVD,48,"Marttin, A.A.M.",40
3 VVD,49,"de Grave-Verkerk, D.G.M.",51
3 VVD,50,"Poot, M.C.G.",283
4 Partij van de Arbeid (P.v.d.A.),1,"Moorman, M.",42778
4 Partij van de Arbeid (P.v.d.A.),2,"Mbarki, S.",1526
4 Partij van de Arbeid (P.v.d.A.),3,"Abdi, F.",2741
4 Partij van de Arbeid (P.v.d.A.),4,"Heinhuis, L.E.",924
4 Partij van de Arbeid (P.v.d.A.),5,"Asruf, M.F.",557
4 Partij van de Arbeid (P.v.d.A.),6,"Namane, F.A.",988
4 Partij van de Arbeid (P.v.d.A.),7,"Minderhoud, B.M.H.",361
4 Partij van de Arbeid (P.v.d.A.),8,"Doevendans, S.S.",1112
4 Partij van de Arbeid (P.v.d.A.),9,"Belkasmi, M.",358
4 Partij van de Arbeid (P.v.d.A.),10,"Bouhassani, A.",994
4 Partij van de Arbeid (P.v.d.A.),11,"Noordzij, G.",256
4 Partij van de Arbeid (P.v.d.A.),12,"Runderkamp, I.P.",222
4 Partij van de Arbeid (P.v.d.A.),13,"Hirsch, K.",418
4 Partij van de Arbeid (P.v.d.A.),14,"Terwel, L.E.",500
4 Partij van de Arbeid (P.v.d.A.),15,"Kacha, H.",67
4 Partij van de Arbeid (P.v.d.A.),16,"Keesman, A.T.",285
4 Partij van de Arbeid (P.v.d.A.),17,"Snijders, E.D.",299
4 Partij van de Arbeid (P.v.d.A.),18,"Wind, B.J.",117
4 Partij van de Arbeid (P.v.d.A.),19,"Bazen, L.",321
4 Partij van de Arbeid (P.v.d.A.),20,"Maas, B.",124
4 Partij van de Arbeid (P.v.d.A.),21,"Karaman, H.H.",269
4 Partij van de Arbeid (P.v.d.A.),22,"Angerman, A.",70
4 Partij van de Arbeid (P.v.d.A.),23,"Meijer, E.S.",114
4 Partij van de Arbeid (P.v.d.A.),24,"Breemer, F.",145
4 Partij van de Arbeid (P.v.d.A.),25,"de Heer, A.C.",102
4 Partij van de Arbeid (P.v.d.A.),26,"Poorter, M.F.",87
4 Partij van de Arbeid (P.v.d.A.),27,"Ossel, F.",63
4 Partij van de Arbeid (P.v.d.A.),28,"Sweet, E.M.",362
4 Partij van de Arbeid (P.v.d.A.),29,"d' Ancona, H.",766
4 Partij van de Arbeid (P.v.d.A.),30,"de Vries-Sandoval Taco, E.J.",167
5 SP (Socialistische Partij),1,"Alberts-Oosterbaan, R.",9465
5 SP (Socialistische Partij),2,"Bobeldijk, E.",548
5 SP (Socialistische Partij),3,"Haijen, J.A.",192
5 SP (Socialistische Partij),4,"Berends, E.",1319
5 SP (Socialistische Partij),5,"Wedemeijer, J.J.",275
5 SP (Socialistische Partij),6,"van Dongen, M.M.M.",152
5 SP (Socialistische Partij),7,"Kamstra, H.J.",84
5 SP (Socialistische Partij),8,"Schaeffer, C.",143
5 SP (Socialistische Partij),9,"van der Veen, G.",59
5 SP (Socialistische Partij),10,"Peters, D.W.S.",58
5 SP (Socialistische Partij),11,"Peters-van Gemert, N.G.",263
5 SP (Socialistische Partij),12,"Koster, V.",179
5 SP (Socialistische Partij),13,"Yntema, A.R.",29
5 SP (Socialistische Partij),14,"Chekhchar, C.",141
5 SP (Socialistische Partij),15,"Delsen, A.A.",30
5 SP (Socialistische Partij),16,"Thijs, H.K.A.P.",40
5 SP (Socialistische Partij),17,"Anamoah, R.",179
5 SP (Socialistische Partij),18,"van der Weide, K.E.",43
5 SP (Socialistische Partij),19,"Kuiper, A.C.E.",113
5 SP (Socialistische Partij),20,"Offenberg, C.I.",194
5 SP (Socialistische Partij),21,"Jurrema, F.R.",25
5 SP (Socialistische Partij),22,"Kwint, J.P.",106
5 SP (Socialistische Partij),23,"Alkaya, M.O.",180
5 SP (Socialistische Partij),24,"Flentge, E.A.",46
5 SP (Socialistische Partij),25,"van Raak, A.A.G.M.",173
6 Partij voor de Dieren,1,"van Lammeren, J.F.W.",9351
6 Partij voor de Dieren,2,"Bakker, A.L.",5589
6 Partij voor de Dieren,3,"Bloemberg - Issa, J.F.",1721
6 Partij voor de Dieren,4,"Krom, J.M.",1014
6 Partij voor de Dieren,5,"Emmerik, M.J.",128
6 Partij voor de Dieren,6,"Jonk, C.A.M.",581
6 Partij voor de Dieren,7,"Schellingerhout, R.B.A.",131
6 Partij voor de Dieren,8,"Didderen, T.",608
6 Partij voor de Dieren,9,"de Vos, D.J.C.",259
6 Partij voor de Dieren,10,"Shahbazi, N.",1082
6 Partij voor de Dieren,11,"Meerburg, M.",69
6 Partij voor de Dieren,12,"Polderman, L.M.L.",254
6 Partij voor de Dieren,13,"van Schaijck, M.R.W.",93
6 Partij voor de Dieren,14,"Janmaat, I.",64
6 Partij voor de Dieren,15,"van der Meer, E.E.",259
6 Partij voor de Dieren,16,"Peschier, E.S.",35
6 Partij voor de Dieren,17,"van Dijk - Armor, M.M.",85
6 Partij voor de Dieren,18,"Broersen, L.M.",66
6 Partij voor de Dieren,19,"Dicke, I.M.",114
6 Partij voor de Dieren,20,"van der Waaij, J.",13
6 Partij voor de Dieren,21,"Mannoesingh, J.K.P.",153
6 Partij voor de Dieren,22,"Boogaard, H.",110
6 Partij voor de Dieren,23,"Prast, H.M.",90
6 Partij voor de Dieren,24,"NicolaÃ¯, P",51
6 Partij voor de Dieren,25,"van Raan, L.",111
7 DENK,1,"Khan, S.Y.",2524
7 DENK,2,"Koyuncu, S.",3376
7 DENK,3,"El Johari, A.",1301
7 DENK,4,"Carrilho, I.L.E.",462
7 DENK,5,"Alkaduhimi, M.",387
7 DENK,6,"Mangal, E.S.J.",107
7 DENK,7,"Yacoubi, A.",470
7 DENK,8,"Ghazi, M.I.",439
7 DENK,9,"Aboelkasem, E.",422
7 DENK,10,"Ihammanen, A.",101
7 DENK,11,"Askkali, Y.",220
7 DENK,12,"Hakiki, F.",570
7 DENK,13,"GÃ¼n, E",175
7 DENK,14,"Amraoui, A.",512
7 DENK,15,"Kuzu, T.",1973
8 Forum voor Democratie,1,"van Schijndel, A.H.J.W.",3057
8 Forum voor Democratie,2,"de Keijzer, R.A.",443
8 Forum voor Democratie,3,"Bilgin, T.",229
8 Forum voor Democratie,4,"van Haarlem, C.R.O.",100
8 Forum voor Democratie,5,"Voskamp, H.B.",41
8 Forum voor Democratie,6,"van der Heul, B.B.",23
8 Forum voor Democratie,7,"Splinter, B.",142
8 Forum voor Democratie,8,"Zentveld, E.",85
8 Forum voor Democratie,9,"Meijer, W.",215
8 Forum voor Democratie,10,"Noordman, J.J.",29
8 Forum voor Democratie,11,"Koopman, P.",16
8 Forum voor Democratie,12,"van Tilborg, B.A.",33
8 Forum voor Democratie,13,"Jacobs, H.",21
8 Forum voor Democratie,14,"Boskamp, H.",33
8 Forum voor Democratie,15,"Sieben, M.W.",17
8 Forum voor Democratie,16,"Scholte, E.",6
8 Forum voor Democratie,17,"Verschoor, B.B.",19
8 Forum voor Democratie,18,"Russcher, T.K.",24
8 Forum voor Democratie,19,"Dekker, R.J.",18
8 Forum voor Democratie,20,"Jansen, F.J.H.",73
8 Forum voor Democratie,21,"Baudet, T.H.P.",2064
9 CDA,1,"Boomsma, D.T.",5620
9 CDA,2,"Havelaar, R.B.",264
9 CDA,3,"Wijmenga, R.P.",731
9 CDA,4,"Essakkati, H.",122
9 CDA,5,"Hilders-van de Wetering, K.F.",486
9 CDA,6,"van Drooge, A.H.",114
9 CDA,7,"Cicilson, E.J.",43
9 CDA,8,"Cherradi Benssebahe, I.",34
9 CDA,9,"Limburg, J.M.",41
9 CDA,10,"Engels, R.M.",57
9 CDA,11,"van Helden, T.J.A.G.",42
9 CDA,12,"Lochtenberg, L.J.J.",25
9 CDA,13,"van Braak, H.",11
9 CDA,14,"Koet, B.J.B.",31
9 CDA,15,"Badal, L.",31
9 CDA,16,"van Hellenberg Hubar, A.J.G.S.M.",14
9 CDA,17,"de Roy van Zuidewijn-Rive, S.C.T.",68
9 CDA,18,"Stevens, L.C.A.",18
9 CDA,19,"Runjevac, T.",28
9 CDA,20,"Michel, B.C.",10
9 CDA,21,"Cohen de Lara, E.",26
9 CDA,22,"Hoeve-Zwarthoed, A.A.C.M.",61
9 CDA,23,"Koppejan, H.S.C.",16
9 CDA,24,"van Geijn, F.H.M.A.",3
9 CDA,25,"Braber, A.E.",6
9 CDA,26,"Holland, G.F.J.",10
9 CDA,27,"de Groot-Wasser, J.J.M.",22
9 CDA,28,"Rossen, G.L.",10
9 CDA,29,"Janssen, M.J.F.M.",4
9 CDA,30,"Boukhoubza, L.",22
9 CDA,31,"Sluijk, C.",40
9 CDA,32,"van der Meulen, J.L.",15
9 CDA,33,"Burggraaff, H.B.",148
9 CDA,34,"SchrÃ¶der, A.E",12
9 CDA,35,"van Baars, J.",5
9 CDA,36,"Hilders, W.J.",9
9 CDA,37,"Wouda, P.H.T.",11
9 CDA,38,"de Jong, M.",12
9 CDA,39,"van Oosterhout, B.D.",16
9 CDA,40,"van der Hoeven, J.J.",13
9 CDA,41,"Ross-van Dorp, C.I.J.M.",19
10 Partij van de Ouderen (P.v.d.O.),1,"van Soest, W.",4070
10 Partij van de Ouderen (P.v.d.O.),2,"van de Kamp, L.",364
10 Partij van de Ouderen (P.v.d.O.),3,"Overweg, D.W.",209
10 Partij van de Ouderen (P.v.d.O.),4,"Kerklingh, H.K.",29
10 Partij van de Ouderen (P.v.d.O.),5,"van Meetelen, F.",77
10 Partij van de Ouderen (P.v.d.O.),6,"Lof, S.M.",85
10 Partij van de Ouderen (P.v.d.O.),7,"Bong, H.M.",54
10 Partij van de Ouderen (P.v.d.O.),8,"Wouters, J.A.J.",90
10 Partij van de Ouderen (P.v.d.O.),9,"Aamarou, Y.",31
10 Partij van de Ouderen (P.v.d.O.),10,"Hamstra, J.",44
10 Partij van de Ouderen (P.v.d.O.),11,"Boerlijst-Bakker, J.",111
10 Partij van de Ouderen (P.v.d.O.),12,"den Dekker, G.",28
10 Partij van de Ouderen (P.v.d.O.),13,"Meijer, N.",41
10 Partij van de Ouderen (P.v.d.O.),14,"Grift, R.G.",10
10 Partij van de Ouderen (P.v.d.O.),15,"Aberkrom, P.",27
10 Partij van de Ouderen (P.v.d.O.),16,"van Oudenallen, H.F.M.",108
11 ChristenUnie,1,"van den Heuvel, G.J.J.",1690
11 ChristenUnie,2,"Da Costa, G.J.",269
11 ChristenUnie,3,"de Bruine, H.M.",552
11 ChristenUnie,4,"Verwijs, M.W.",104
11 ChristenUnie,5,"La, C.D.",125
11 ChristenUnie,6,"van Rossum, L.Z.F.",35
11 ChristenUnie,7,"Agyeman, K.B.",667
11 ChristenUnie,8,"van Bokhorst, A.C.W.",34
11 ChristenUnie,9,"Buit, Y.B.",53
11 ChristenUnie,10,"Klein, A.C.",41
11 ChristenUnie,11,"Goodett, L.K.M.H.",58
11 ChristenUnie,12,"Groenendaal-Zwanenburg, A.M.",34
11 ChristenUnie,13,"Kuiper-de Haan, T",41
11 ChristenUnie,14,"Huisman, S.S.",20
11 ChristenUnie,15,"Meerwijk-Elsau, M.R.",19
11 ChristenUnie,16,"Bor, D.S.",19
11 ChristenUnie,17,"Hofsink, I.H.",14
11 ChristenUnie,18,"Janssen, G.O.",34
11 ChristenUnie,19,"Hoffman, C.E.A.J.",55
11 ChristenUnie,20,"de Snoo, T.",21
11 ChristenUnie,21,"Kamphuis-Vavier, M.W.D.",19
11 ChristenUnie,22,"Husain-Cornelissen, L.B.",7
11 ChristenUnie,23,"Frederiksen, A.",6
11 ChristenUnie,24,"Brinksma, P.J.",10
11 ChristenUnie,25,"den Uijl-Kolk, M.J.",5
11 ChristenUnie,26,"Van humbeeck, D.",6
11 ChristenUnie,27,"den Hertog, P.J.",11
11 ChristenUnie,28,"Koster-Poelman, A.M.B.",20
11 ChristenUnie,29,"Visser, C.J.",15
11 ChristenUnie,30,"Bezemer, J.",6
11 ChristenUnie,31,"Janssen, D.J.",15
11 ChristenUnie,32,"Hart, E.J.",55
11 ChristenUnie,33,"Putters-van der Heide, B.",9
11 ChristenUnie,34,"Schultz, E.E.",30
11 ChristenUnie,35,"Zeijl, J.E.",16
11 ChristenUnie,36,"Bosshardt, P.C.",11
11 ChristenUnie,37,"Westert, G.W.",9
11 ChristenUnie,38,"Acuner, S.B.",11
11 ChristenUnie,39,"van Essen, H.J.",7
11 ChristenUnie,40,"Klok-van Laar, H.",13
11 ChristenUnie,41,"de Ruiter, H.A.",25
11 ChristenUnie,42,"Voordewind, J.S.",60
11 ChristenUnie,43,"Ceder, D.G.M.",572
12 Amsterdam BIJ1,1,"Veldhuyzen, J. A.",4992
12 Amsterdam BIJ1,2,"Kabamba, C.K.E.",5008
12 Amsterdam BIJ1,3,"Ahmadi, N.",5531
12 Amsterdam BIJ1,4,"Bons, A.D.J.",1608
12 Amsterdam BIJ1,5,"Landbrug, D.R.",628
12 Amsterdam BIJ1,6,"van Dormalen, C.E.M.L",533
12 Amsterdam BIJ1,7,"AsbaÃ¢, N",283
12 Amsterdam BIJ1,8,"Verkerke, J.E.",282
12 Amsterdam BIJ1,9,"Perdok, M.M.",363
12 Amsterdam BIJ1,10,"Helmijr, C.I.",87
12 Amsterdam BIJ1,11,"Braaksma, A.H.",61
12 Amsterdam BIJ1,12,"Bottenheft, E.C.",55
12 Amsterdam BIJ1,13,"Segaar, G.T.",107
12 Amsterdam BIJ1,14,"Vliet, C. A.",293
12 Amsterdam BIJ1,15,"Gambier, G.L.E",420
12 Amsterdam BIJ1,16,"Vijzelman, A.C.",254
12 Amsterdam BIJ1,17,"Olivieira, J.A.H.",225
12 Amsterdam BIJ1,18,"Nauth, N.",139
12 Amsterdam BIJ1,19,"Brecher, B.S.",108
12 Amsterdam BIJ1,20,"van der Pligt, M.M.",62
12 Amsterdam BIJ1,21,"Meulenbelt, A.H.",102
12 Amsterdam BIJ1,22,"Burke, U.P.",576
12 Amsterdam BIJ1,23,"Sax, M.",85
12 Amsterdam BIJ1,24,"Wekker, G.D",821
13 JA21,1,"Nanninga, A.",11821
13 JA21,2,"Kreuger, K.M.",987
13 JA21,3,"van Berkel, C.C.J.",131
13 JA21,4,"de Jong, M.R.",112
13 JA21,5,"Lelkes, M.G.",32
13 JA21,6,"Peters, M.",76
13 JA21,7,"Molema, C.M.",296
13 JA21,8,"La Grouw, S.",32
13 JA21,9,"Zandbergen, J.R.",21
13 JA21,10,"Dekker, D.M.C.",26
13 JA21,11,"Ashrafie, M.T.",31
13 JA21,12,"Vencken, R.J.G.P.",15
13 JA21,13,"Brante, M.C.",36
13 JA21,14,"Allan, M.A.",75
14 Hart voor Vrijheid Amsterdam,1,"Gietelink, A.C.",1095
14 Hart voor Vrijheid Amsterdam,2,"de Haan, S.",413
14 Hart voor Vrijheid Amsterdam,3,"Gietelink, H.K.",60
14 Hart voor Vrijheid Amsterdam,4,"Lutgens, S.I.",45
14 Hart voor Vrijheid Amsterdam,5,"van Koppenhagen, M.A.",178
14 Hart voor Vrijheid Amsterdam,6,"Beydals, R.V.",75
14 Hart voor Vrijheid Amsterdam,7,"Scheggetman, A.M.",31
14 Hart voor Vrijheid Amsterdam,8,"Janssen Steenberg, M.W.H.",46
14 Hart voor Vrijheid Amsterdam,9,"Bosch, D.M.I.T.M.G.",52
14 Hart voor Vrijheid Amsterdam,10,"Schramade, M.H.",7
14 Hart voor Vrijheid Amsterdam,11,"Ferdes, M.O.R.",85
14 Hart voor Vrijheid Amsterdam,12,"Vega Nebel, A.A.",24
14 Hart voor Vrijheid Amsterdam,13,"Bauer, A.C.",6
14 Hart voor Vrijheid Amsterdam,14,"Huijser van Reenen, A.A.C.",17
14 Hart voor Vrijheid Amsterdam,15,"Finch, J.M.",72
14 Hart voor Vrijheid Amsterdam,16,"Koperdraat, R.P.",28
14 Hart voor Vrijheid Amsterdam,17,"AvÅar, D",47
14 Hart voor Vrijheid Amsterdam,18,"Dekker, C.J.",31
14 Hart voor Vrijheid Amsterdam,19,"Adolfse, V.W.M.M.",7
14 Hart voor Vrijheid Amsterdam,20,"Visee, M.",46
14 Hart voor Vrijheid Amsterdam,21,"Ayari, J.E.",34
15 De Groenen Basis Piraten,1,"Pontier, M.A.",1835
15 De Groenen Basis Piraten,2,"van Zwoll, R.M.E.",1131
15 De Groenen Basis Piraten,3,"Delsing, S.A.M.",399
15 De Groenen Basis Piraten,4,"Smit, H.R.M.P.",58
15 De Groenen Basis Piraten,5,"Berendsen, P.",45
15 De Groenen Basis Piraten,6,"Abendroth, A.M.",126
15 De Groenen Basis Piraten,7,"Werner, D.R.",30
15 De Groenen Basis Piraten,8,"Doting, R.",13
15 De Groenen Basis Piraten,9,"Sadloe, S.",274
15 De Groenen Basis Piraten,10,"Winkler, D.",56
15 De Groenen Basis Piraten,11,"SchÃ¶nberger, R.A",56
15 De Groenen Basis Piraten,12,"Zikking, A.P.A.",101
15 De Groenen Basis Piraten,13,"Zimmerman, H.K.",100
15 De Groenen Basis Piraten,14,"Binsbergen, E.",27
15 De Groenen Basis Piraten,15,"van Riel, E.B.H.",19
15 De Groenen Basis Piraten,16,"Matenko, R.W.E.",24
15 De Groenen Basis Piraten,17,"El Hajoui, N.",62
15 De Groenen Basis Piraten,18,"Ebbink, H.F.",26
15 De Groenen Basis Piraten,19,"Werner-Wafelman, L.S.",23
15 De Groenen Basis Piraten,20,"Plesa, B.",21
15 De Groenen Basis Piraten,21,"Linnenbank, A.C.",12
15 De Groenen Basis Piraten,22,"Vita, S.",74
15 De Groenen Basis Piraten,23,"Bakkers, T.F.M.",12
15 De Groenen Basis Piraten,24,"Klaver, E.T.J.M.",8
15 De Groenen Basis Piraten,25,"van Houts, G.",35
15 De Groenen Basis Piraten,26,"Blaak, M.G.M.H.",96
16 GO,1,"Otten, H.",179
16 GO,2,"Baljeu, R.J.P.",24
16 GO,3,"de Vries, J.W.E.",16
17 De Republikeinse Politieke Partij,1,"Felter, D.A.",108
18 St3m,1,"Swart, F.",1183
18 St3m,2,"van Vliet, B.B.",142
18 St3m,3,"van Emmerik, A.A.P.",22
18 St3m,4,"Romkema, F.L.",21
18 St3m,5,"Verberne, C.F.",24
18 St3m,6,"Kerkhoff, M.D.P.",3
18 St3m,7,"Nollen, R.M.",44
18 St3m,8,"Burger, J.E.J.M.",9
18 St3m,9,"Willemsen, S.A.",24
18 St3m,10,"Vlug, J.A.",5
18 St3m,11,"Kuiper, I.C.",11
18 St3m,12,"Bruining, I.",8
18 St3m,13,"Drager, T.J.D.",7
18 St3m,14,"Nessen, P.D.",11
18 St3m,15,"van Eunen, R.",16
18 St3m,16,"Stins, C.S.",50
18 St3m,17,"Veltman, M.J.",11
18 St3m,18,"Petri, M.",26
19 50PLUS,1,"Beving, P.R.",1246
19 50PLUS,2,"Stulemeijer, H.J.F.X.P.",179
19 50PLUS,3,"Maarschalk Meijer, E.M.N.",322
19 50PLUS,4,"Dissels, J.",138
19 50PLUS,5,"de Wolff, F.A.H.",57
19 50PLUS,6,"Faassen, A.G.",55
20 Staatkundig Gereformeerde Partij (SGP),1,"van Spronsen, M.D.J.",202
20 Staatkundig Gereformeerde Partij (SGP),2,"Nas, J.N.",15
20 Staatkundig Gereformeerde Partij (SGP),3,"Logtenberg, A.A.",11
20 Staatkundig Gereformeerde Partij (SGP),4,"van der Wal, D.",9
20 Staatkundig Gereformeerde Partij (SGP),5,"Westerman, M.",2
20 Staatkundig Gereformeerde Partij (SGP),6,"Marck, A.J.T.",39
20 Staatkundig Gereformeerde Partij (SGP),7,"Keijser, R.L.J.",6
20 Staatkundig Gereformeerde Partij (SGP),8,"GrÃ¤tz, T",16
"21 Blanco (Chan, K.K.)",1,"Chan, K.K.",297
"21 Blanco (Chan, K.K.)",2,"de Leen, C.",49
22 DE FEESTPARTIJ (DFP),1,"ï¿½resin, D.M.",317
22 DE FEESTPARTIJ (DFP),2,"Muntz, R.I.",104
23 Belang van Nederland (BVNL),1,"Heilbron, R.E.H.",802
23 Belang van Nederland (BVNL),2,"Visser, M.",297
23 Belang van Nederland (BVNL),3,"Jansen, M.P.G.",24
23 Belang van Nederland (BVNL),4,"van Steen, R.",19
23 Belang van Nederland (BVNL),5,"van der Linden, C.J.",7
23 Belang van Nederland (BVNL),6,"Killian, Y.M.",42
23 Belang van Nederland (BVNL),7,"van Kassel, P.",50
23 Belang van Nederland (BVNL),8,"Wienholts, E.G.H.J.",4
23 Belang van Nederland (BVNL),9,"Weeseman, C.",36
23 Belang van Nederland (BVNL),10,"Bauduin, D.V.F.J.",2
23 Belang van Nederland (BVNL),11,"Ephraim, O.R.",10
23 Belang van Nederland (BVNL),12,"van Haga, W.R.",463
24 Democratisch Socialisten Amsterdam,1,"Hartog, B.F.",531
24 Democratisch Socialisten Amsterdam,2,"Langedijk-Lynch, F.",461
24 Democratisch Socialisten Amsterdam,3,"Schreuders, D.",102
24 Democratisch Socialisten Amsterdam,4,"Overdijk, D.J.",42
24 Democratisch Socialisten Amsterdam,5,"Lovera Rivas, J.H.E.",39
24 Democratisch Socialisten Amsterdam,6,"van Rijswijk, H.",90
24 Democratisch Socialisten Amsterdam,7,"Proos, T.S.L.",16
24 Democratisch Socialisten Amsterdam,8,"Rinkens, R.J.C.",45
24 Democratisch Socialisten Amsterdam,9,"van Eck, C.M.H.",15
24 Democratisch Socialisten Amsterdam,10,"Wiegers, L.H.T.",5
24 Democratisch Socialisten Amsterdam,11,"Garzon Florez, D.A.",8
24 Democratisch Socialisten Amsterdam,12,"Abdul, M.Y.",57
24 Democratisch Socialisten Amsterdam,13,"Kracht, I.",10
24 Democratisch Socialisten Amsterdam,14,"van Horn, T.N.",3
24 Democratisch Socialisten Amsterdam,15,"Zonneveld, J.J.F.M.",17
24 Democratisch Socialisten Amsterdam,16,"Kalma, P.D.B.",2
24 Democratisch Socialisten Amsterdam,17,"Visser, G.P.",6
24 Democratisch Socialisten Amsterdam,18,"van Schaik, G.J.",0
24 Democratisch Socialisten Amsterdam,19,"Spier, J.",23
25 Volt,1,"Broersen, J.",9018
25 Volt,2,"Garmy, I.",772
25 Volt,3,"Vesseur, E.",1118
25 Volt,4,"Gravelotte, M.C.F.",187
25 Volt,5,"Top, K.",833
25 Volt,6,"Minnes, I.A.",288
25 Volt,7,"Lemmen, L.",442
25 Volt,8,"Hendriks, I.N.",68
25 Volt,9,"Konings, F.E.",189
25 Volt,10,"van Amesfoort, A.L.",146
25 Volt,11,"van Laake, M.I.",180
25 Volt,12,"Mulder, M.E.",100
25 Volt,13,"Broerse, I.A.",156
25 Volt,14,"Bouma, W.M.E.",107
25 Volt,15,"Schreurs, S.",130
25 Volt,16,"van Lanschot, R.J.A.",309
26 LEF - Voor de Nieuwe Generatie,1,"van Duijn, D.C.",375
26 LEF - Voor de Nieuwe Generatie,2,"ten Napel, M.C.C.L.",69
26 LEF - Voor de Nieuwe Generatie,3,"Wiersma, C.E.",68
26 LEF - Voor de Nieuwe Generatie,4,"Wijnen, K.T.H.",12
26 LEF - Voor de Nieuwe Generatie,5,"Berends, M.C.",45
26 LEF - Voor de Nieuwe Generatie,6,"Bennis, N.M.",11
26 LEF - Voor de Nieuwe Generatie,7,"Sjiem-Fat, S.D.",57
26 LEF - Voor de Nieuwe Generatie,8,"Moes, L.E.",9
26 LEF - Voor de Nieuwe Generatie,9,"de Vries, J.",6
26 LEF - Voor de Nieuwe Generatie,10,"Thierry, E.M.",8
26 LEF - Voor de Nieuwe Generatie,11,"Spaans, M.",11
26 LEF - Voor de Nieuwe Generatie,12,"Neijndorff, V.M.",11
26 LEF - Voor de Nieuwe Generatie,13,"Vanstone, B.J.",2
26 LEF - Voor de Nieuwe Generatie,14,"Simal Busto, A.",27
26 LEF - Voor de Nieuwe Generatie,15,"Verbunt, J.B.",1
26 LEF - Voor de Nieuwe Generatie,16,"Evers, J.C.",15
26 LEF - Voor de Nieuwe Generatie,17,"Hulst, P.W.",4
26 LEF - Voor de Nieuwe Generatie,18,"Marres, M.E.M.",6
26 LEF - Voor de Nieuwe Generatie,19,"Koch, M.C.",2
26 LEF - Voor de Nieuwe Generatie,20,"Visch, C.J.",3
26 LEF - Voor de Nieuwe Generatie,21,"de Campos, D.L.M.",18
26 LEF - Voor de Nieuwe Generatie,22,"Pala, M.P.M.",6
26 LEF - Voor de Nieuwe Generatie,23,"Scholte ter Horst, S.L.",2
26 LEF - Voor de Nieuwe Generatie,24,"van der Hoek, W.",8
26 LEF - Voor de Nieuwe Generatie,25,"van de Beek, T.",6
26 LEF - Voor de Nieuwe Generatie,26,"Winchester, S.R.",4
26 LEF - Voor de Nieuwe Generatie,27,"Gardner, E.J.",4
26 LEF - Voor de Nieuwe Generatie,28,"Hermsen, J.",8
26 LEF - Voor de Nieuwe Generatie,29,"Fruneaux, C.",11
26 LEF - Voor de Nieuwe Generatie,30,"van Heemstra, M.",39
